{
  "best_metric": 0.22613903880119324,
  "best_model_checkpoint": "gNER_bert-base-cased/checkpoint-40",
  "epoch": 4.0,
  "global_step": 40,
  "is_hyper_param_search": false,
  "is_local_process_zero": true,
  "is_world_process_zero": true,
  "log_history": [
    {
      "epoch": 1.0,
      "eval_F1 macro": 0.48924259388108277,
      "eval_loss": 0.6677064895629883,
      "eval_runtime": 0.1844,
      "eval_samples_per_second": 141.005,
      "eval_steps_per_second": 21.693,
      "step": 10
    },
    {
      "epoch": 2.0,
      "eval_F1 macro": 0.7633875043740418,
      "eval_loss": 0.33759963512420654,
      "eval_runtime": 0.1853,
      "eval_samples_per_second": 140.312,
      "eval_steps_per_second": 21.586,
      "step": 20
    },
    {
      "epoch": 3.0,
      "eval_F1 macro": 0.8645375896224162,
      "eval_loss": 0.23171639442443848,
      "eval_runtime": 0.1887,
      "eval_samples_per_second": 137.776,
      "eval_steps_per_second": 21.196,
      "step": 30
    },
    {
      "epoch": 4.0,
      "eval_F1 macro": 0.8577567841943865,
      "eval_loss": 0.22613903880119324,
      "eval_runtime": 0.1808,
      "eval_samples_per_second": 143.803,
      "eval_steps_per_second": 22.124,
      "step": 40
    }
  ],
  "max_steps": 150,
  "num_train_epochs": 15,
  "total_flos": 34619846491440.0,
  "trial_name": null,
  "trial_params": null
}
